url,testStatus,mobileFriendliness
http://www.3dayblinds.Com,,
http://www.Textlinkbrokers.Com,,
http://www.Aamfg.Com,,
http://www.Carmoves.Com,,
http://www.Mlb.Com,,
http://www.Chevronwithtechron.Com,,
http://www.Asecondlook.Com,,
http://www.A1golfcarts.Com,,
http://www.Wecanpump.Com,,
http://www.Planetrecyclingphoenix.Com,,
http://www.Planeta1.Net,,
http://www.Aaa.Com,,
http://www.Associatedasset.Com,,
http://www.Foodtrucknewz.Com,,
http://www.Ableengineering.Com,,
http://www.Abssladders.Com,,
http://www.Marriott.Com,,
http://www.Academymortgage.Com,,
http://www.Accomazzo.Com,,
http://www.Accram.Com,,
http://www.Accreditedappliance.Net,,
http://www.Acebldgmaint.Com,,
http://www.Acepackagingaz.Com,,
http://www.Actionscaffold.Com,,
http://www.Adamsrite.Com,,
http://www.Adobealarm.Com,,
http://www.a-p.com,,
http://www.a-p.com/,,
http://www.Afpincorp.Com,,
http://www.Advancedmetalsales.Com,,
http://www.Aecom.Com,,
http://www.Aero-Zone.Com,,
http://www.Aerospacesw.Com,,
http://www.Itpaero.Com,,
http://www.Affinitas.Net,,
http://www.Agateinc.Com,,
http://www.Ahs.Com,,
http://www.Aimwholesale.Com,,
http://www.Phiairmedical.Com,,
http://www.Airliquide.Com,,
http://www.Airproducts.Com,,
http://www.Airsupportinc.Com,,
http://www.Aircraftenginespecialists.Com,,
http://www.Airparkdodgechryslerjeep.Com,,
http://www.Ajsfinefoods.Com,,
http://www.Ajsfinefoods.Com,,
http://www.Ajsfinefoods.Com,,
http://www.Ajsfinefoods.Com,,
http://www.Ajsfinefoods.Com,,
http://www.Cmgfi.Com,,
http://www.Valleyofficesystems.Com,,
http://www.Integratelecom.Com,,
http://www.Alpinevalleybakery.Com,,
http://www.Alternativehose.Com,,
http://www.Altmanplants.Com,,
http://www.Amecfw.Com,,
http://www.Amerigas.Com,,
http://www.Americanbev.Com,,
http://www.Americanfence.Com,,
http://www.Americanfire.Com,,
http://www.Amr.Com,,
http://www.Americanrealtybrokers.Com,,
http://www.Americancommunicationsinc.Com,,
http://www.Americantelephone.Com/Default.Aspx,,
http://www.Atd-Us.Com,,
http://www.Americanvisionwindowsaz.Com,,
http://www.Theguerinteam.Com,,
http://www.Newflightcharters.Com,,
http://www.Amfoaminc.Com,,
http://www.Ethicalaz.Com/Angelonebuilders,,
http://www.Clubcorp.Com,,
http://www.Desertmountain.Com,,
http://www.Aplsecurity.Com,,
http://www.Abcomllc.Com,,
http://www.Appointmentplus.Com,,
http://www.Apriva.Com,,
http://www.Arabhorse.Com,,
http://www.Walshgroup.Com,,
http://www.Arizonaautomotiverepair.Com,,
http://www.Arizonabag.Com,,
http://www.Azcardinals.Com,,
http://www.Arizonacomplete.Com,,
http://www.Azcountryclub.Com,,
http://www.Azdiamondbacks.Com,,
http://www.Arizonagrain.Com,,
http://www.Laborsystems.Com,,
http://www.Stotzequipment.Com,,
http://www.Thementornetwork.Com,,
http://www.Recycle1az.Com,,
http://www.Azpremierrealty.Com,,
http://www.Austin-Ind.Com,,
http://www.Austinelectric.Com,,
http://www.Autofitparts.Com,,
http://www.Bigtwotoyota.Com,,
http://www.Autonation.Com,,
http://www.Avnet.Com,,
http://www.Avnet.Com,,
http://www.Avnet.Com,,
http://www.Ats.Avnet.Com,,
http://www.Azbreadcompany.Com,,
http://www.Azevap.Com,,
http://www.Jstoneaz.Com,,
http://www.Pure-Technologies.Com,,
http://www.Bfcontracting.Com,,
http://www.Bakerconcrete.Com,,
